seed,mode,best_distance_m,final_distance_m,max_height_m,min_energy_fraction,remaining_energy,reward,airborne_steps,charging_steps,launch_attempts,rescue_launches,boost_steps,flips,overheats,steps,trial_time_left_s
2026,drive,159.461,159.6,1.084,0.5524,0.5524,159.317,153,0,0,0,0,0,0,18000,0.0
2026,fix_downshift,283.56,283.596,1.069,0.0,0.0,282.56,152,0,0,0,0,0,0,18000,0.0
2026,fix_macro_downshift,287.777,287.6,1.069,0.0,0.0,286.566,160,0,0,0,0,0,0,18000,0.0
2027,drive,156.721,156.668,0.988,0.5857,0.5857,156.429,145,0,0,0,0,0,0,18000,0.0
2027,fix_downshift,201.743,201.797,0.988,0.0264,0.0264,200.832,94,0,0,0,0,0,0,18000,0.0
2027,fix_macro_downshift,201.746,201.992,0.988,0.0,0.0,200.973,82,0,0,0,0,0,0,18000,0.0
2028,drive,1.506,0.099,0.999,0.6471,0.6471,-0.06,0,0,0,0,0,0,0,18000,0.0
2028,fix_downshift,161.007,157.372,1.009,0.0,0.0,156.358,105,0,0,0,0,0,0,18000,0.0
2028,fix_macro_downshift,171.222,157.361,1.009,0.0,0.0,156.342,57,0,0,0,0,0,0,18000,0.0
